trigger,promote_url,url_level_original,rule_applied,change_note
administration and management of american indian natural resources graduate,https://www.arizona.edu/degree-search/majors/administration-and-management-of-american-indian-natural-resources,BASE,Rule 2 — REVIEW: specific term on base page,needs GRAD entity; no matching level page in dataset — verify
american indian higher education graduate,https://www.arizona.edu/degree-search/majors/american-indian-higher-education,BASE,Rule 2 — REVIEW: specific term on base page,needs GRAD entity; no matching level page in dataset — verify
architectural engineering bachelor degree,https://www.arizona.edu/degree-search/majors/architectural-engineering,BASE,Rule 2 — REVIEW: specific term on base page,needs UG entity; no matching level page in dataset — verify
architectural engineering education requirements,https://www.arizona.edu/degree-search/majors/architectural-engineering,BASE,REVIEW: base-page mapping (verify generic vs keep),trigger not a clean field-name match; left unchanged
arizona egypt,https://www.arizona.edu/degree-search/majors/egyptian-archaeology,BASE,REVIEW: base-page mapping (verify generic vs keep),trigger not a clean field-name match; left unchanged
arizona paraprofessional certification,https://www.arizona.edu/degree-search/majors/legal-paraprofessional,BASE,REVIEW: base-page mapping (verify generic vs keep),trigger not a clean field-name match; left unchanged
arizona state university pa program,https://www.arizona.edu/degree-search/majors/physician-assistant,BASE,REVIEW: base-page mapping (verify generic vs keep),trigger not a clean field-name match; left unchanged
asm degree,https://www.arizona.edu/degree-search/majors/agricultural-systems-management,BASE,REVIEW: base-page mapping (verify generic vs keep),trigger not a clean field-name match; left unchanged
asu biotechnology,https://www.arizona.edu/degree-search/majors/applied-biotechnology,BASE,REVIEW: base-page mapping (verify generic vs keep),trigger not a clean field-name match; left unchanged
ba music education,https://www.arizona.edu/degree-search/majors/music-education,BASE,Rule 2 — REVIEW: specific term on base page,needs UG entity; no matching level page in dataset — verify
bachelor of science in business economics,https://www.arizona.edu/degree-search/majors/business-economics,BASE,Rule 2 — REVIEW: specific term on base page,needs UG entity; no matching level page in dataset — verify
bachelors in religious studies,https://www.arizona.edu/degree-search/majors/religious-studies,BASE,Rule 2 — REVIEW: specific term on base page,needs UG entity; no matching level page in dataset — verify
bachelors in studio art,https://www.arizona.edu/degree-search/majors/studio-art,BASE,Rule 2 — REVIEW: specific term on base page,needs UG entity; no matching level page in dataset — verify
botany degree,https://www.arizona.edu/degree-search/majors/plant-sciences,BASE,REVIEW: base-page mapping (verify generic vs keep),trigger not a clean field-name match; left unchanged
business and management colleges,https://www.arizona.edu/degree-search/majors/business-management,BASE,REVIEW: base-page mapping (verify generic vs keep),trigger not a clean field-name match; left unchanged
can a nurse practitioner diagnose autism,https://www.arizona.edu/degree-search/majors/diagnosis-and-management-of-autism-spectrum-disorder,BASE,REVIEW: base-page mapping (verify generic vs keep),trigger not a clean field-name match; left unchanged
can a psychiatric nurse practitioner diagnose autism,https://www.arizona.edu/degree-search/majors/diagnosis-and-management-of-autism-spectrum-disorder,BASE,REVIEW: base-page mapping (verify generic vs keep),trigger not a clean field-name match; left unchanged
can nurse practitioners diagnose autism,https://www.arizona.edu/degree-search/majors/diagnosis-and-management-of-autism-spectrum-disorder,BASE,REVIEW: base-page mapping (verify generic vs keep),trigger not a clean field-name match; left unchanged
civil engineering major map asu,https://www.arizona.edu/degree-search/majors/civil-engineering,BASE,REVIEW: base-page mapping (verify generic vs keep),trigger not a clean field-name match; left unchanged
civil engineering schooling,https://www.arizona.edu/degree-search/majors/civil-engineering,BASE,REVIEW: base-page mapping (verify generic vs keep),trigger not a clean field-name match; left unchanged
civil engineering subjects,https://www.arizona.edu/degree-search/majors/civil-engineering,BASE,REVIEW: base-page mapping (verify generic vs keep),trigger not a clean field-name match; left unchanged
colleges with creative writing,https://www.arizona.edu/degree-search/majors/creative-writing,BASE,REVIEW: base-page mapping (verify generic vs keep),trigger not a clean field-name match; left unchanged
communication major university of arizona,https://www.arizona.edu/degree-search/majors/public-relations,BASE,REVIEW: base-page mapping (verify generic vs keep),trigger not a clean field-name match; left unchanged
dendrochronologist,https://www.arizona.edu/degree-search/majors/dendrochronology,BASE,REVIEW: base-page mapping (verify generic vs keep),trigger not a clean field-name match; left unchanged
dpt a,https://www.arizona.edu/degree-search/majors/physical-therapy,BASE,Rule 2 — REVIEW: specific term on base page,needs level entity; no matching level page in dataset — verify
egypt in arizona,https://www.arizona.edu/degree-search/majors/egyptian-archaeology,BASE,REVIEW: base-page mapping (verify generic vs keep),trigger not a clean field-name match; left unchanged
geographic information science graduate,https://www.arizona.edu/degree-search/majors/geographic-information-science,BASE,Rule 2 — REVIEW: specific term on base page,needs GRAD entity; no matching level page in dataset — verify
global supply chain management,https://www.arizona.edu/degree-search/majors/global-supply-chain-mgmt,BASE,REVIEW: base-page mapping (verify generic vs keep),trigger not a clean field-name match; left unchanged
graduate certificate in business,https://www.arizona.edu/degree-search/majors/business-foundations,BASE,Rule 2 — REVIEW: specific term on base page,needs GRAD entity; no matching level page in dataset — verify
hbhp,https://www.arizona.edu/degree-search/majors/health-behavior-health-promotion,BASE,REVIEW: base-page mapping (verify generic vs keep),trigger not a clean field-name match; left unchanged
healthcare administration degree arizona management,https://www.arizona.edu/degree-search/majors/healthcare-management,BASE,REVIEW: base-page mapping (verify generic vs keep),trigger not a clean field-name match; left unchanged
heritage conservation graduate,https://www.arizona.edu/degree-search/majors/heritage-conservation,BASE,Rule 2 — REVIEW: specific term on base page,needs GRAD entity; no matching level page in dataset — verify
how to become a nutritionist in arizona,https://www.arizona.edu/degree-search/majors/nutrition-and-dietetics,BASE,REVIEW: base-page mapping (verify generic vs keep),trigger not a clean field-name match; left unchanged
hydrology and water resources engineering,https://www.arizona.edu/degree-search/majors/hydrology-and-water-resources,BASE,REVIEW: base-page mapping (verify generic vs keep),trigger not a clean field-name match; left unchanged
is business economics a good major,https://www.arizona.edu/degree-search/majors/business-economics,BASE,REVIEW: base-page mapping (verify generic vs keep),trigger not a clean field-name match; left unchanged
is economics a business degree,https://www.arizona.edu/degree-search/majors/business-economics,BASE,REVIEW: base-page mapping (verify generic vs keep),trigger not a clean field-name match; left unchanged
ista arizona,https://www.arizona.edu/degree-search/majors/information-science-and-arts,BASE,REVIEW: base-page mapping (verify generic vs keep),trigger not a clean field-name match; left unchanged
majors in university of arizona,https://www.arizona.edu/degree-search/majors/information-science-and-arts,BASE,REVIEW: base-page mapping (verify generic vs keep),trigger not a clean field-name match; left unchanged
master in russian,https://www.arizona.edu/degree-search/majors/russian,BASE,Rule 2 — REVIEW: specific term on base page,needs GRAD entity; no matching level page in dataset — verify
master of fine arts programs near me,https://www.arizona.edu/degree-search/majors/fine-arts-in-art,BASE,Rule 2 — REVIEW: specific term on base page,needs GRAD entity; no matching level page in dataset — verify
masters in education arizona,https://www.arizona.edu/degree-search/majors/education-in-teaching-and-teacher-education,BASE,Rule 2 — REVIEW: specific term on base page,needs GRAD entity; no matching level page in dataset — verify
mine production & info tech,https://www.arizona.edu/degree-search/majors/mine-production-and-information-technology,BASE,REVIEW: base-page mapping (verify generic vs keep),trigger not a clean field-name match; left unchanged
mpap degree,https://www.arizona.edu/degree-search/majors/physician-assistant,BASE,REVIEW: base-page mapping (verify generic vs keep),trigger not a clean field-name match; left unchanged
mse degree,https://www.arizona.edu/degree-search/majors/materials-science-engineering,BASE,REVIEW: base-page mapping (verify generic vs keep),trigger not a clean field-name match; left unchanged
multicultural and bilingual slhs,https://www.arizona.edu/degree-search/majors/multicultural-and-bilingual-speech-language-and-hearing-sciences,BASE,REVIEW: base-page mapping (verify generic vs keep),trigger not a clean field-name match; left unchanged
nutrition and wellness degree,https://www.arizona.edu/degree-search/majors/nutritional-sciences-and-wellness,BASE,REVIEW: base-page mapping (verify generic vs keep),trigger not a clean field-name match; left unchanged
phd in cancer biology,https://www.arizona.edu/degree-search/majors/cancer-biology,BASE,Rule 2 — REVIEW: specific term on base page,needs PHD entity; no matching level page in dataset — verify
planetary geology degree,https://www.arizona.edu/degree-search/majors/planetary-geoscience,BASE,REVIEW: base-page mapping (verify generic vs keep),trigger not a clean field-name match; left unchanged
pr university,https://www.arizona.edu/degree-search/majors/public-relations,BASE,REVIEW: base-page mapping (verify generic vs keep),trigger not a clean field-name match; left unchanged
pre veterinary major,https://www.arizona.edu/degree-search/majors/veterinary-science,BASE,REVIEW: base-page mapping (verify generic vs keep),trigger not a clean field-name match; left unchanged
pre-psychological science,https://www.arizona.edu/degree-search/majors/psychological-science,BASE,REVIEW: base-page mapping (verify generic vs keep),trigger not a clean field-name match; left unchanged
real estate development analysis graduate,https://www.arizona.edu/degree-search/majors/real-estate-development-analysis,BASE,Rule 2 — REVIEW: specific term on base page,needs GRAD entity; no matching level page in dataset — verify
real estate development finance graduate,https://www.arizona.edu/degree-search/majors/real-estate-development-finance,BASE,Rule 2 — REVIEW: specific term on base page,needs GRAD entity; no matching level page in dataset — verify
real estate development practice graduate,https://www.arizona.edu/degree-search/majors/real-estate-development-practice,BASE,Rule 2 — REVIEW: specific term on base page,needs GRAD entity; no matching level page in dataset — verify
rock engineering certificate,https://www.arizona.edu/degree-search/majors/rock-mechanics,BASE,Rule 2 — REVIEW: specific term on base page,needs GRAD entity; no matching level page in dataset — verify
u of a degrees,https://www.arizona.edu/degree-search/majors/law,BASE,REVIEW: base-page mapping (verify generic vs keep),trigger not a clean field-name match; left unchanged
ua degree search,https://www.arizona.edu/degree-search/majors/law,BASE,REVIEW: base-page mapping (verify generic vs keep),trigger not a clean field-name match; left unchanged
university of arizona cybersecurity masters,https://www.arizona.edu/degree-search/majors/cybersecurity,BASE,Rule 2 — REVIEW: specific term on base page,needs GRAD entity; no matching level page in dataset — verify
university of arizona dance acceptance rate,https://www.arizona.edu/degree-search/majors/dance,BASE,REVIEW: base-page mapping (verify generic vs keep),trigger not a clean field-name match; left unchanged
university of arizona data science masters,https://www.arizona.edu/degree-search/majors/data-science,BASE,Rule 2 — REVIEW: specific term on base page,needs GRAD entity; no matching level page in dataset — verify
university of arizona fashion major studies,https://www.arizona.edu/degree-search/majors/environmental-studies,BASE,REVIEW: base-page mapping (verify generic vs keep),trigger not a clean field-name match; left unchanged
university of arizona forensic science,https://www.arizona.edu/degree-search/majors/criminal-justice-studies,BASE,REVIEW: base-page mapping (verify generic vs keep),trigger not a clean field-name match; left unchanged
university of arizona geomechanics,https://www.arizona.edu/degree-search/majors/rock-mechanics,BASE,REVIEW: base-page mapping (verify generic vs keep),trigger not a clean field-name match; left unchanged
university of arizona kinesiology performance,https://www.arizona.edu/degree-search/majors/nutrition-and-human-performance,BASE,REVIEW: base-page mapping (verify generic vs keep),trigger not a clean field-name match; left unchanged
university of arizona mred,https://www.arizona.edu/degree-search/majors/real-estate-development,BASE,REVIEW: base-page mapping (verify generic vs keep),trigger not a clean field-name match; left unchanged
university of arizona occupational therapy,https://www.arizona.edu/degree-search/majors/rehabilitation-studies-and-services,BASE,REVIEW: base-page mapping (verify generic vs keep),trigger not a clean field-name match; left unchanged
university of arizona online phd in organizational development and leadership,https://www.arizona.edu/degree-search/majors/educational-leadership,BASE,Rule 2 — REVIEW: specific term on base page,needs PHD entity; no matching level page in dataset — verify
university of arizona pmhnp,https://www.arizona.edu/degree-search/majors/psychiatric-mental-health-nurse-practitioner,BASE,REVIEW: base-page mapping (verify generic vs keep),trigger not a clean field-name match; left unchanged
university of arizona school of dance,https://www.arizona.edu/degree-search/majors/dance,BASE,REVIEW: base-page mapping (verify generic vs keep),trigger not a clean field-name match; left unchanged
uofa finance major,https://www.arizona.edu/degree-search/majors/personal-and-family-financial-planning,BASE,REVIEW: base-page mapping (verify generic vs keep),trigger not a clean field-name match; left unchanged
veterinarian science,https://www.arizona.edu/degree-search/majors/veterinary-science,BASE,REVIEW: base-page mapping (verify generic vs keep),trigger not a clean field-name match; left unchanged
what does mse stand for degree,https://www.arizona.edu/degree-search/majors/materials-science-engineering,BASE,REVIEW: base-page mapping (verify generic vs keep),trigger not a clean field-name match; left unchanged
what is creative writing in college,https://www.arizona.edu/degree-search/majors/creative-writing,BASE,REVIEW: base-page mapping (verify generic vs keep),trigger not a clean field-name match; left unchanged
what major is law,https://www.arizona.edu/degree-search/majors/law,BASE,REVIEW: base-page mapping (verify generic vs keep),trigger not a clean field-name match; left unchanged
world literature studies,https://www.arizona.edu/degree-search/majors/world-literature,BASE,REVIEW: base-page mapping (verify generic vs keep),trigger not a clean field-name match; left unchanged
